KEY,FREQ,ADJUSTMENT,REF_AREA,COUNTERPART_AREA,REF_SECTOR,COUNTERPART_SECTOR,CONSOLIDATION,ACCOUNTING_ENTRY,STO,INSTR_ASSET,MATURITY,EXPENDITURE,UNIT_MEASURE,CURRENCY_DENOM,VALUATION,PRICES,TRANSFORMATION,CUST_BREAKDOWN,TIME_PERIOD,OBS_VALUE,OBS_STATUS,CONF_STATUS,PRE_BREAK_VALUE,COMMENT_OBS,EMBARGO_DATE,OBS_EDP_WBB,TIME_FORMAT,COLL_PERIOD,COMMENT_TS,COMPILING_ORG,CURRENCY,CUST_BREAKDOWN_LB,DATA_COMP,DECIMALS,DISS_ORG,GFS_ECOFUNC,GFS_TAXCAT,LAST_UPDATE,REF_PERIOD_DETAIL,REF_YEAR_PRICE,REPYEAREND,REPYEARSTART,TABLE_IDENTIFIER,TIME_PER_COLLECT,TITLE,TITLE_COMPL,UNIT_MULT,COMMENT_DSET
GFS.Q.N.HR.W0.S13.S1.C.L.LE.GD.T._Z.XDC_R_B1GQ_CY._T.F.V.N._T,Q,N,HR,W0,S13,S1,C,L,LE,GD,T,_Z,XDC_R_B1GQ_CY,_T,F,V,N,_T,1999-Q1,25.836,A,F,,,,,P3M,,"Croatia - Closing balance sheet/Positions/Stocks - Maastricht debt - Liabilities (Net Incurrence of) - maturity: All original maturities - counterpart area: World (all areas, including reference area, including IO), counterpart sector: Total economy - Consolidated, Current prices, Face value - Domestic currency (incl. conversion to current currency made using a fix parity); ratio to the annual moving sum of gross domestic product, Neither seasonally adjusted nor calendar adjusted data - ESA 2010",4F0,,,,3,,,,,,,,,,E,Government debt (consolidated) (as % of GDP),,0,
GFS.Q.N.HR.W0.S13.S1.C.L.LE.GD.T._Z.XDC_R_B1GQ_CY._T.F.V.N._T,Q,N,HR,W0,S13,S1,C,L,LE,GD,T,_Z,XDC_R_B1GQ_CY,_T,F,V,N,_T,1999-Q2,27.733,A,F,,,,,P3M,,"Croatia - Closing balance sheet/Positions/Stocks - Maastricht debt - Liabilities (Net Incurrence of) - maturity: All original maturities - counterpart area: World (all areas, including reference area, including IO), counterpart sector: Total economy - Consolidated, Current prices, Face value - Domestic currency (incl. conversion to current currency made using a fix parity); ratio to the annual moving sum of gross domestic product, Neither seasonally adjusted nor calendar adjusted data - ESA 2010",4F0,,,,3,,,,,,,,,,E,Government debt (consolidated) (as % of GDP),,0,
GFS.Q.N.HR.W0.S13.S1.C.L.LE.GD.T._Z.XDC_R_B1GQ_CY._T.F.V.N._T,Q,N,HR,W0,S13,S1,C,L,LE,GD,T,_Z,XDC_R_B1GQ_CY,_T,F,V,N,_T,1999-Q3,27.775,A,F,,,,,P3M,,"Croatia - Closing balance sheet/Positions/Stocks - Maastricht debt - Liabilities (Net Incurrence of) - maturity: All original maturities - counterpart area: World (all areas, including reference area, including IO), counterpart sector: Total economy - Consolidated, Current prices, Face value - Domestic currency (incl. conversion to current currency made using a fix parity); ratio to the annual moving sum of gross domestic product, Neither seasonally adjusted nor calendar adjusted data - ESA 2010",4F0,,,,3,,,,,,,,,,E,Government debt (consolidated) (as % of GDP),,0,
GFS.Q.N.HR.W0.S13.S1.C.L.LE.GD.T._Z.XDC_R_B1GQ_CY._T.F.V.N._T,Q,N,HR,W0,S13,S1,C,L,LE,GD,T,_Z,XDC_R_B1GQ_CY,_T,F,V,N,_T,1999-Q4,28.839,A,F,,,,,P3M,,"Croatia - Closing balance sheet/Positions/Stocks - Maastricht debt - Liabilities (Net Incurrence of) - maturity: All original maturities - counterpart area: World (all areas, including reference area, including IO), counterpart sector: Total economy - Consolidated, Current prices, Face value - Domestic currency (incl. conversion to current currency made using a fix parity); ratio to the annual moving sum of gross domestic product, Neither seasonally adjusted nor calendar adjusted data - ESA 2010",4F0,,,,3,,,,,,,,,,E,Government debt (consolidated) (as % of GDP),,0,
GFS.Q.N.HR.W0.S13.S1.C.L.LE.GD.T._Z.XDC_R_B1GQ_CY._T.F.V.N._T,Q,N,HR,W0,S13,S1,C,L,LE,GD,T,_Z,XDC_R_B1GQ_CY,_T,F,V,N,_T,2000-Q1,31.616,A,F,,,,,P3M,,"Croatia - Closing balance sheet/Positions/Stocks - Maastricht debt - Liabilities (Net Incurrence of) - maturity: All original maturities - counterpart area: World (all areas, including reference area, including IO), counterpart sector: Total economy - Consolidated, Current prices, Face value - Domestic currency (incl. conversion to current currency made using a fix parity); ratio to the annual moving sum of gross domestic product, Neither seasonally adjusted nor calendar adjusted data - ESA 2010",4F0,,,,3,,,,,,,,,,E,Government debt (consolidated) (as % of GDP),,0,
GFS.Q.N.HR.W0.S13.S1.C.L.LE.GD.T._Z.XDC_R_B1GQ_CY._T.F.V.N._T,Q,N,HR,W0,S13,S1,C,L,LE,GD,T,_Z,XDC_R_B1GQ_CY,_T,F,V,N,_T,2000-Q2,31.407,A,F,,,,,P3M,,"Croatia - Closing balance sheet/Positions/Stocks - Maastricht debt - Liabilities (Net Incurrence of) - maturity: All original maturities - counterpart area: World (all areas, including reference area, including IO), counterpart sector: Total economy - Consolidated, Current prices, Face value - Domestic currency (incl. conversion to current currency made using a fix parity); ratio to the annual moving sum of gross domestic product, Neither seasonally adjusted nor calendar adjusted data - ESA 2010",4F0,,,,3,,,,,,,,,,E,Government debt (consolidated) (as % of GDP),,0,
GFS.Q.N.HR.W0.S13.S1.C.L.LE.GD.T._Z.XDC_R_B1GQ_CY._T.F.V.N._T,Q,N,HR,W0,S13,S1,C,L,LE,GD,T,_Z,XDC_R_B1GQ_CY,_T,F,V,N,_T,2000-Q3,33.508,A,F,,,,,P3M,,"Croatia - Closing balance sheet/Positions/Stocks - Maastricht debt - Liabilities (Net Incurrence of) - maturity: All original maturities - counterpart area: World (all areas, including reference area, including IO), counterpart sector: Total economy - Consolidated, Current prices, Face value - Domestic currency (incl. conversion to current currency made using a fix parity); ratio to the annual moving sum of gross domestic product, Neither seasonally adjusted nor calendar adjusted data - ESA 2010",4F0,,,,3,,,,,,,,,,E,Government debt (consolidated) (as % of GDP),,0,
GFS.Q.N.HR.W0.S13.S1.C.L.LE.GD.T._Z.XDC_R_B1GQ_CY._T.F.V.N._T,Q,N,HR,W0,S13,S1,C,L,LE,GD,T,_Z,XDC_R_B1GQ_CY,_T,F,V,N,_T,2000-Q4,35.435,A,F,,,,,P3M,,"Croatia - Closing balance sheet/Positions/Stocks - Maastricht debt - Liabilities (Net Incurrence of) - maturity: All original maturities - counterpart area: World (all areas, including reference area, including IO), counterpart sector: Total economy - Consolidated, Current prices, Face value - Domestic currency (incl. conversion to current currency made using a fix parity); ratio to the annual moving sum of gross domestic product, Neither seasonally adjusted nor calendar adjusted data - ESA 2010",4F0,,,,3,,,,,,,,,,E,Government debt (consolidated) (as % of GDP),,0,
GFS.Q.N.HR.W0.S13.S1.C.L.LE.GD.T._Z.XDC_R_B1GQ_CY._T.F.V.N._T,Q,N,HR,W0,S13,S1,C,L,LE,GD,T,_Z,XDC_R_B1GQ_CY,_T,F,V,N,_T,2001-Q1,38.785,A,F,,,,,P3M,,"Croatia - Closing balance sheet/Positions/Stocks - Maastricht debt - Liabilities (Net Incurrence of) - maturity: All original maturities - counterpart area: World (all areas, including reference area, including IO), counterpart sector: Total economy - Consolidated, Current prices, Face value - Domestic currency (incl. conversion to current currency made using a fix parity); ratio to the annual moving sum of gross domestic product, Neither seasonally adjusted nor calendar adjusted data - ESA 2010",4F0,,,,3,,,,,,,,,,E,Government debt (consolidated) (as % of GDP),,0,
GFS.Q.N.HR.W0.S13.S1.C.L.LE.GD.T._Z.XDC_R_B1GQ_CY._T.F.V.N._T,Q,N,HR,W0,S13,S1,C,L,LE,GD,T,_Z,XDC_R_B1GQ_CY,_T,F,V,N,_T,2001-Q2,37.689,A,F,,,,,P3M,,"Croatia - Closing balance sheet/Positions/Stocks - Maastricht debt - Liabilities (Net Incurrence of) - maturity: All original maturities - counterpart area: World (all areas, including reference area, including IO), counterpart sector: Total economy - Consolidated, Current prices, Face value - Domestic currency (incl. conversion to current currency made using a fix parity); ratio to the annual moving sum of gross domestic product, Neither seasonally adjusted nor calendar adjusted data - ESA 2010",4F0,,,,3,,,,,,,,,,E,Government debt (consolidated) (as % of GDP),,0,
GFS.Q.N.HR.W0.S13.S1.C.L.LE.GD.T._Z.XDC_R_B1GQ_CY._T.F.V.N._T,Q,N,HR,W0,S13,S1,C,L,LE,GD,T,_Z,XDC_R_B1GQ_CY,_T,F,V,N,_T,2001-Q3,37.958,A,F,,,,,P3M,,"Croatia - Closing balance sheet/Positions/Stocks - Maastricht debt - Liabilities (Net Incurrence of) - maturity: All original maturities - counterpart area: World (all areas, including reference area, including IO), counterpart sector: Total economy - Consolidated, Current prices, Face value - Domestic currency (incl. conversion to current currency made using a fix parity); ratio to the annual moving sum of gross domestic product, Neither seasonally adjusted nor calendar adjusted data - ESA 2010",4F0,,,,3,,,,,,,,,,E,Government debt (consolidated) (as % of GDP),,0,
GFS.Q.N.HR.W0.S13.S1.C.L.LE.GD.T._Z.XDC_R_B1GQ_CY._T.F.V.N._T,Q,N,HR,W0,S13,S1,C,L,LE,GD,T,_Z,XDC_R_B1GQ_CY,_T,F,V,N,_T,2001-Q4,36.588,A,F,,,,,P3M,,"Croatia - Closing balance sheet/Positions/Stocks - Maastricht debt - Liabilities (Net Incurrence of) - maturity: All original maturities - counterpart area: World (all areas, including reference area, including IO), counterpart sector: Total economy - Consolidated, Current prices, Face value - Domestic currency (incl. conversion to current currency made using a fix parity); ratio to the annual moving sum of gross domestic product, Neither seasonally adjusted nor calendar adjusted data - ESA 2010",4F0,,,,3,,,,,,,,,,E,Government debt (consolidated) (as % of GDP),,0,
GFS.Q.N.HR.W0.S13.S1.C.L.LE.GD.T._Z.XDC_R_B1GQ_CY._T.F.V.N._T,Q,N,HR,W0,S13,S1,C,L,LE,GD,T,_Z,XDC_R_B1GQ_CY,_T,F,V,N,_T,2002-Q1,37.523,A,F,,,,,P3M,,"Croatia - Closing balance sheet/Positions/Stocks - Maastricht debt - Liabilities (Net Incurrence of) - maturity: All original maturities - counterpart area: World (all areas, including reference area, including IO), counterpart sector: Total economy - Consolidated, Current prices, Face value - Domestic currency (incl. conversion to current currency made using a fix parity); ratio to the annual moving sum of gross domestic product, Neither seasonally adjusted nor calendar adjusted data - ESA 2010",4F0,,,,3,,,,,,,,,,E,Government debt (consolidated) (as % of GDP),,0,
GFS.Q.N.HR.W0.S13.S1.C.L.LE.GD.T._Z.XDC_R_B1GQ_CY._T.F.V.N._T,Q,N,HR,W0,S13,S1,C,L,LE,GD,T,_Z,XDC_R_B1GQ_CY,_T,F,V,N,_T,2002-Q2,36.387,A,F,,,,,P3M,,"Croatia - Closing balance sheet/Positions/Stocks - Maastricht debt - Liabilities (Net Incurrence of) - maturity: All original maturities - counterpart area: World (all areas, including reference area, including IO), counterpart sector: Total economy - Consolidated, Current prices, Face value - Domestic currency (incl. conversion to current currency made using a fix parity); ratio to the annual moving sum of gross domestic product, Neither seasonally adjusted nor calendar adjusted data - ESA 2010",4F0,,,,3,,,,,,,,,,E,Government debt (consolidated) (as % of GDP),,0,
GFS.Q.N.HR.W0.S13.S1.C.L.LE.GD.T._Z.XDC_R_B1GQ_CY._T.F.V.N._T,Q,N,HR,W0,S13,S1,C,L,LE,GD,T,_Z,XDC_R_B1GQ_CY,_T,F,V,N,_T,2002-Q3,35.891,A,F,,,,,P3M,,"Croatia - Closing balance sheet/Positions/Stocks - Maastricht debt - Liabilities (Net Incurrence of) - maturity: All original maturities - counterpart area: World (all areas, including reference area, including IO), counterpart sector: Total economy - Consolidated, Current prices, Face value - Domestic currency (incl. conversion to current currency made using a fix parity); ratio to the annual moving sum of gross domestic product, Neither seasonally adjusted nor calendar adjusted data - ESA 2010",4F0,,,,3,,,,,,,,,,E,Government debt (consolidated) (as % of GDP),,0,
GFS.Q.N.HR.W0.S13.S1.C.L.LE.GD.T._Z.XDC_R_B1GQ_CY._T.F.V.N._T,Q,N,HR,W0,S13,S1,C,L,LE,GD,T,_Z,XDC_R_B1GQ_CY,_T,F,V,N,_T,2002-Q4,36.454,A,F,,,,,P3M,,"Croatia - Closing balance sheet/Positions/Stocks - Maastricht debt - Liabilities (Net Incurrence of) - maturity: All original maturities - counterpart area: World (all areas, including reference area, including IO), counterpart sector: Total economy - Consolidated, Current prices, Face value - Domestic currency (incl. conversion to current currency made using a fix parity); ratio to the annual moving sum of gross domestic product, Neither seasonally adjusted nor calendar adjusted data - ESA 2010",4F0,,,,3,,,,,,,,,,E,Government debt (consolidated) (as % of GDP),,0,
GFS.Q.N.HR.W0.S13.S1.C.L.LE.GD.T._Z.XDC_R_B1GQ_CY._T.F.V.N._T,Q,N,HR,W0,S13,S1,C,L,LE,GD,T,_Z,XDC_R_B1GQ_CY,_T,F,V,N,_T,2003-Q1,38.92,A,F,,,,,P3M,,"Croatia - Closing balance sheet/Positions/Stocks - Maastricht debt - Liabilities (Net Incurrence of) - maturity: All original maturities - counterpart area: World (all areas, including reference area, including IO), counterpart sector: Total economy - Consolidated, Current prices, Face value - Domestic currency (incl. conversion to current currency made using a fix parity); ratio to the annual moving sum of gross domestic product, Neither seasonally adjusted nor calendar adjusted data - ESA 2010",4F0,,,,3,,,,,,,,,,E,Government debt (consolidated) (as % of GDP),,0,
GFS.Q.N.HR.W0.S13.S1.C.L.LE.GD.T._Z.XDC_R_B1GQ_CY._T.F.V.N._T,Q,N,HR,W0,S13,S1,C,L,LE,GD,T,_Z,XDC_R_B1GQ_CY,_T,F,V,N,_T,2003-Q2,38.362,A,F,,,,,P3M,,"Croatia - Closing balance sheet/Positions/Stocks - Maastricht debt - Liabilities (Net Incurrence of) - maturity: All original maturities - counterpart area: World (all areas, including reference area, including IO), counterpart sector: Total economy - Consolidated, Current prices, Face value - Domestic currency (incl. conversion to current currency made using a fix parity); ratio to the annual moving sum of gross domestic product, Neither seasonally adjusted nor calendar adjusted data - ESA 2010",4F0,,,,3,,,,,,,,,,E,Government debt (consolidated) (as % of GDP),,0,
GFS.Q.N.HR.W0.S13.S1.C.L.LE.GD.T._Z.XDC_R_B1GQ_CY._T.F.V.N._T,Q,N,HR,W0,S13,S1,C,L,LE,GD,T,_Z,XDC_R_B1GQ_CY,_T,F,V,N,_T,2003-Q3,37.928,A,F,,,,,P3M,,"Croatia - Closing balance sheet/Positions/Stocks - Maastricht debt - Liabilities (Net Incurrence of) - maturity: All original maturities - counterpart area: World (all areas, including reference area, including IO), counterpart sector: Total economy - Consolidated, Current prices, Face value - Domestic currency (incl. conversion to current currency made using a fix parity); ratio to the annual moving sum of gross domestic product, Neither seasonally adjusted nor calendar adjusted data - ESA 2010",4F0,,,,3,,,,,,,,,,E,Government debt (consolidated) (as % of GDP),,0,
GFS.Q.N.HR.W0.S13.S1.C.L.LE.GD.T._Z.XDC_R_B1GQ_CY._T.F.V.N._T,Q,N,HR,W0,S13,S1,C,L,LE,GD,T,_Z,XDC_R_B1GQ_CY,_T,F,V,N,_T,2003-Q4,37.849,A,F,,,,,P3M,,"Croatia - Closing balance sheet/Positions/Stocks - Maastricht debt - Liabilities (Net Incurrence of) - maturity: All original maturities - counterpart area: World (all areas, including reference area, including IO), counterpart sector: Total economy - Consolidated, Current prices, Face value - Domestic currency (incl. conversion to current currency made using a fix parity); ratio to the annual moving sum of gross domestic product, Neither seasonally adjusted nor calendar adjusted data - ESA 2010",4F0,,,,3,,,,,,,,,,E,Government debt (consolidated) (as % of GDP),,0,
GFS.Q.N.HR.W0.S13.S1.C.L.LE.GD.T._Z.XDC_R_B1GQ_CY._T.F.V.N._T,Q,N,HR,W0,S13,S1,C,L,LE,GD,T,_Z,XDC_R_B1GQ_CY,_T,F,V,N,_T,2004-Q1,38.218,A,F,,,,,P3M,,"Croatia - Closing balance sheet/Positions/Stocks - Maastricht debt - Liabilities (Net Incurrence of) - maturity: All original maturities - counterpart area: World (all areas, including reference area, including IO), counterpart sector: Total economy - Consolidated, Current prices, Face value - Domestic currency (incl. conversion to current currency made using a fix parity); ratio to the annual moving sum of gross domestic product, Neither seasonally adjusted nor calendar adjusted data - ESA 2010",4F0,,,,3,,,,,,,,,,E,Government debt (consolidated) (as % of GDP),,0,
GFS.Q.N.HR.W0.S13.S1.C.L.LE.GD.T._Z.XDC_R_B1GQ_CY._T.F.V.N._T,Q,N,HR,W0,S13,S1,C,L,LE,GD,T,_Z,XDC_R_B1GQ_CY,_T,F,V,N,_T,2004-Q2,39.943,A,F,,,,,P3M,,"Croatia - Closing balance sheet/Positions/Stocks - Maastricht debt - Liabilities (Net Incurrence of) - maturity: All original maturities - counterpart area: World (all areas, including reference area, including IO), counterpart sector: Total economy - Consolidated, Current prices, Face value - Domestic currency (incl. conversion to current currency made using a fix parity); ratio to the annual moving sum of gross domestic product, Neither seasonally adjusted nor calendar adjusted data - ESA 2010",4F0,,,,3,,,,,,,,,,E,Government debt (consolidated) (as % of GDP),,0,
GFS.Q.N.HR.W0.S13.S1.C.L.LE.GD.T._Z.XDC_R_B1GQ_CY._T.F.V.N._T,Q,N,HR,W0,S13,S1,C,L,LE,GD,T,_Z,XDC_R_B1GQ_CY,_T,F,V,N,_T,2004-Q3,40.647,A,F,,,,,P3M,,"Croatia - Closing balance sheet/Positions/Stocks - Maastricht debt - Liabilities (Net Incurrence of) - maturity: All original maturities - counterpart area: World (all areas, including reference area, including IO), counterpart sector: Total economy - Consolidated, Current prices, Face value - Domestic currency (incl. conversion to current currency made using a fix parity); ratio to the annual moving sum of gross domestic product, Neither seasonally adjusted nor calendar adjusted data - ESA 2010",4F0,,,,3,,,,,,,,,,E,Government debt (consolidated) (as % of GDP),,0,
GFS.Q.N.HR.W0.S13.S1.C.L.LE.GD.T._Z.XDC_R_B1GQ_CY._T.F.V.N._T,Q,N,HR,W0,S13,S1,C,L,LE,GD,T,_Z,XDC_R_B1GQ_CY,_T,F,V,N,_T,2004-Q4,39.959,A,F,,,,,P3M,,"Croatia - Closing balance sheet/Positions/Stocks - Maastricht debt - Liabilities (Net Incurrence of) - maturity: All original maturities - counterpart area: World (all areas, including reference area, including IO), counterpart sector: Total economy - Consolidated, Current prices, Face value - Domestic currency (incl. conversion to current currency made using a fix parity); ratio to the annual moving sum of gross domestic product, Neither seasonally adjusted nor calendar adjusted data - ESA 2010",4F0,,,,3,,,,,,,,,,E,Government debt (consolidated) (as % of GDP),,0,
GFS.Q.N.HR.W0.S13.S1.C.L.LE.GD.T._Z.XDC_R_B1GQ_CY._T.F.V.N._T,Q,N,HR,W0,S13,S1,C,L,LE,GD,T,_Z,XDC_R_B1GQ_CY,_T,F,V,N,_T,2005-Q1,41.681,A,F,,,,,P3M,,"Croatia - Closing balance sheet/Positions/Stocks - Maastricht debt - Liabilities (Net Incurrence of) - maturity: All original maturities - counterpart area: World (all areas, including reference area, including IO), counterpart sector: Total economy - Consolidated, Current prices, Face value - Domestic currency (incl. conversion to current currency made using a fix parity); ratio to the annual moving sum of gross domestic product, Neither seasonally adjusted nor calendar adjusted data - ESA 2010",4F0,,,,3,,,,,,,,,,E,Government debt (consolidated) (as % of GDP),,0,
GFS.Q.N.HR.W0.S13.S1.C.L.LE.GD.T._Z.XDC_R_B1GQ_CY._T.F.V.N._T,Q,N,HR,W0,S13,S1,C,L,LE,GD,T,_Z,XDC_R_B1GQ_CY,_T,F,V,N,_T,2005-Q2,41.595,A,F,,,,,P3M,,"Croatia - Closing balance sheet/Positions/Stocks - Maastricht debt - Liabilities (Net Incurrence of) - maturity: All original maturities - counterpart area: World (all areas, including reference area, including IO), counterpart sector: Total economy - Consolidated, Current prices, Face value - Domestic currency (incl. conversion to current currency made using a fix parity); ratio to the annual moving sum of gross domestic product, Neither seasonally adjusted nor calendar adjusted data - ESA 2010",4F0,,,,3,,,,,,,,,,E,Government debt (consolidated) (as % of GDP),,0,
GFS.Q.N.HR.W0.S13.S1.C.L.LE.GD.T._Z.XDC_R_B1GQ_CY._T.F.V.N._T,Q,N,HR,W0,S13,S1,C,L,LE,GD,T,_Z,XDC_R_B1GQ_CY,_T,F,V,N,_T,2005-Q3,41.372,A,F,,,,,P3M,,"Croatia - Closing balance sheet/Positions/Stocks - Maastricht debt - Liabilities (Net Incurrence of) - maturity: All original maturities - counterpart area: World (all areas, including reference area, including IO), counterpart sector: Total economy - Consolidated, Current prices, Face value - Domestic currency (incl. conversion to current currency made using a fix parity); ratio to the annual moving sum of gross domestic product, Neither seasonally adjusted nor calendar adjusted data - ESA 2010",4F0,,,,3,,,,,,,,,,E,Government debt (consolidated) (as % of GDP),,0,
GFS.Q.N.HR.W0.S13.S1.C.L.LE.GD.T._Z.XDC_R_B1GQ_CY._T.F.V.N._T,Q,N,HR,W0,S13,S1,C,L,LE,GD,T,_Z,XDC_R_B1GQ_CY,_T,F,V,N,_T,2005-Q4,40.898,A,F,,,,,P3M,,"Croatia - Closing balance sheet/Positions/Stocks - Maastricht debt - Liabilities (Net Incurrence of) - maturity: All original maturities - counterpart area: World (all areas, including reference area, including IO), counterpart sector: Total economy - Consolidated, Current prices, Face value - Domestic currency (incl. conversion to current currency made using a fix parity); ratio to the annual moving sum of gross domestic product, Neither seasonally adjusted nor calendar adjusted data - ESA 2010",4F0,,,,3,,,,,,,,,,E,Government debt (consolidated) (as % of GDP),,0,
GFS.Q.N.HR.W0.S13.S1.C.L.LE.GD.T._Z.XDC_R_B1GQ_CY._T.F.V.N._T,Q,N,HR,W0,S13,S1,C,L,LE,GD,T,_Z,XDC_R_B1GQ_CY,_T,F,V,N,_T,2006-Q1,40.303,A,F,,,,,P3M,,"Croatia - Closing balance sheet/Positions/Stocks - Maastricht debt - Liabilities (Net Incurrence of) - maturity: All original maturities - counterpart area: World (all areas, including reference area, including IO), counterpart sector: Total economy - Consolidated, Current prices, Face value - Domestic currency (incl. conversion to current currency made using a fix parity); ratio to the annual moving sum of gross domestic product, Neither seasonally adjusted nor calendar adjusted data - ESA 2010",4F0,,,,3,,,,,,,,,,E,Government debt (consolidated) (as % of GDP),,0,
GFS.Q.N.HR.W0.S13.S1.C.L.LE.GD.T._Z.XDC_R_B1GQ_CY._T.F.V.N._T,Q,N,HR,W0,S13,S1,C,L,LE,GD,T,_Z,XDC_R_B1GQ_CY,_T,F,V,N,_T,2006-Q2,39.859,A,F,,,,,P3M,,"Croatia - Closing balance sheet/Positions/Stocks - Maastricht debt - Liabilities (Net Incurrence of) - maturity: All original maturities - counterpart area: World (all areas, including reference area, including IO), counterpart sector: Total economy - Consolidated, Current prices, Face value - Domestic currency (incl. conversion to current currency made using a fix parity); ratio to the annual moving sum of gross domestic product, Neither seasonally adjusted nor calendar adjusted data - ESA 2010",4F0,,,,3,,,,,,,,,,E,Government debt (consolidated) (as % of GDP),,0,
GFS.Q.N.HR.W0.S13.S1.C.L.LE.GD.T._Z.XDC_R_B1GQ_CY._T.F.V.N._T,Q,N,HR,W0,S13,S1,C,L,LE,GD,T,_Z,XDC_R_B1GQ_CY,_T,F,V,N,_T,2006-Q3,39.508,A,F,,,,,P3M,,"Croatia - Closing balance sheet/Positions/Stocks - Maastricht debt - Liabilities (Net Incurrence of) - maturity: All original maturities - counterpart area: World (all areas, including reference area, including IO), counterpart sector: Total economy - Consolidated, Current prices, Face value - Domestic currency (incl. conversion to current currency made using a fix parity); ratio to the annual moving sum of gross domestic product, Neither seasonally adjusted nor calendar adjusted data - ESA 2010",4F0,,,,3,,,,,,,,,,E,Government debt (consolidated) (as % of GDP),,0,
GFS.Q.N.HR.W0.S13.S1.C.L.LE.GD.T._Z.XDC_R_B1GQ_CY._T.F.V.N._T,Q,N,HR,W0,S13,S1,C,L,LE,GD,T,_Z,XDC_R_B1GQ_CY,_T,F,V,N,_T,2006-Q4,38.372,A,F,,,,,P3M,,"Croatia - Closing balance sheet/Positions/Stocks - Maastricht debt - Liabilities (Net Incurrence of) - maturity: All original maturities - counterpart area: World (all areas, including reference area, including IO), counterpart sector: Total economy - Consolidated, Current prices, Face value - Domestic currency (incl. conversion to current currency made using a fix parity); ratio to the annual moving sum of gross domestic product, Neither seasonally adjusted nor calendar adjusted data - ESA 2010",4F0,,,,3,,,,,,,,,,E,Government debt (consolidated) (as % of GDP),,0,
GFS.Q.N.HR.W0.S13.S1.C.L.LE.GD.T._Z.XDC_R_B1GQ_CY._T.F.V.N._T,Q,N,HR,W0,S13,S1,C,L,LE,GD,T,_Z,XDC_R_B1GQ_CY,_T,F,V,N,_T,2007-Q1,38.617,A,F,,,,,P3M,,"Croatia - Closing balance sheet/Positions/Stocks - Maastricht debt - Liabilities (Net Incurrence of) - maturity: All original maturities - counterpart area: World (all areas, including reference area, including IO), counterpart sector: Total economy - Consolidated, Current prices, Face value - Domestic currency (incl. conversion to current currency made using a fix parity); ratio to the annual moving sum of gross domestic product, Neither seasonally adjusted nor calendar adjusted data - ESA 2010",4F0,,,,3,,,,,,,,,,E,Government debt (consolidated) (as % of GDP),,0,
GFS.Q.N.HR.W0.S13.S1.C.L.LE.GD.T._Z.XDC_R_B1GQ_CY._T.F.V.N._T,Q,N,HR,W0,S13,S1,C,L,LE,GD,T,_Z,XDC_R_B1GQ_CY,_T,F,V,N,_T,2007-Q2,38.276,A,F,,,,,P3M,,"Croatia - Closing balance sheet/Positions/Stocks - Maastricht debt - Liabilities (Net Incurrence of) - maturity: All original maturities - counterpart area: World (all areas, including reference area, including IO), counterpart sector: Total economy - Consolidated, Current prices, Face value - Domestic currency (incl. conversion to current currency made using a fix parity); ratio to the annual moving sum of gross domestic product, Neither seasonally adjusted nor calendar adjusted data - ESA 2010",4F0,,,,3,,,,,,,,,,E,Government debt (consolidated) (as % of GDP),,0,
GFS.Q.N.HR.W0.S13.S1.C.L.LE.GD.T._Z.XDC_R_B1GQ_CY._T.F.V.N._T,Q,N,HR,W0,S13,S1,C,L,LE,GD,T,_Z,XDC_R_B1GQ_CY,_T,F,V,N,_T,2007-Q3,37.376,A,F,,,,,P3M,,"Croatia - Closing balance sheet/Positions/Stocks - Maastricht debt - Liabilities (Net Incurrence of) - maturity: All original maturities - counterpart area: World (all areas, including reference area, including IO), counterpart sector: Total economy - Consolidated, Current prices, Face value - Domestic currency (incl. conversion to current currency made using a fix parity); ratio to the annual moving sum of gross domestic product, Neither seasonally adjusted nor calendar adjusted data - ESA 2010",4F0,,,,3,,,,,,,,,,E,Government debt (consolidated) (as % of GDP),,0,
GFS.Q.N.HR.W0.S13.S1.C.L.LE.GD.T._Z.XDC_R_B1GQ_CY._T.F.V.N._T,Q,N,HR,W0,S13,S1,C,L,LE,GD,T,_Z,XDC_R_B1GQ_CY,_T,F,V,N,_T,2007-Q4,37.078,A,F,,,,,P3M,,"Croatia - Closing balance sheet/Positions/Stocks - Maastricht debt - Liabilities (Net Incurrence of) - maturity: All original maturities - counterpart area: World (all areas, including reference area, including IO), counterpart sector: Total economy - Consolidated, Current prices, Face value - Domestic currency (incl. conversion to current currency made using a fix parity); ratio to the annual moving sum of gross domestic product, Neither seasonally adjusted nor calendar adjusted data - ESA 2010",4F0,,,,3,,,,,,,,,,E,Government debt (consolidated) (as % of GDP),,0,
GFS.Q.N.HR.W0.S13.S1.C.L.LE.GD.T._Z.XDC_R_B1GQ_CY._T.F.V.N._T,Q,N,HR,W0,S13,S1,C,L,LE,GD,T,_Z,XDC_R_B1GQ_CY,_T,F,V,N,_T,2008-Q1,36.622,A,F,,,,,P3M,,"Croatia - Closing balance sheet/Positions/Stocks - Maastricht debt - Liabilities (Net Incurrence of) - maturity: All original maturities - counterpart area: World (all areas, including reference area, including IO), counterpart sector: Total economy - Consolidated, Current prices, Face value - Domestic currency (incl. conversion to current currency made using a fix parity); ratio to the annual moving sum of gross domestic product, Neither seasonally adjusted nor calendar adjusted data - ESA 2010",4F0,,,,3,,,,,,,,,,E,Government debt (consolidated) (as % of GDP),,0,
GFS.Q.N.HR.W0.S13.S1.C.L.LE.GD.T._Z.XDC_R_B1GQ_CY._T.F.V.N._T,Q,N,HR,W0,S13,S1,C,L,LE,GD,T,_Z,XDC_R_B1GQ_CY,_T,F,V,N,_T,2008-Q2,36.335,A,F,,,,,P3M,,"Croatia - Closing balance sheet/Positions/Stocks - Maastricht debt - Liabilities (Net Incurrence of) - maturity: All original maturities - counterpart area: World (all areas, including reference area, including IO), counterpart sector: Total economy - Consolidated, Current prices, Face value - Domestic currency (incl. conversion to current currency made using a fix parity); ratio to the annual moving sum of gross domestic product, Neither seasonally adjusted nor calendar adjusted data - ESA 2010",4F0,,,,3,,,,,,,,,,E,Government debt (consolidated) (as % of GDP),,0,
GFS.Q.N.HR.W0.S13.S1.C.L.LE.GD.T._Z.XDC_R_B1GQ_CY._T.F.V.N._T,Q,N,HR,W0,S13,S1,C,L,LE,GD,T,_Z,XDC_R_B1GQ_CY,_T,F,V,N,_T,2008-Q3,35.625,A,F,,,,,P3M,,"Croatia - Closing balance sheet/Positions/Stocks - Maastricht debt - Liabilities (Net Incurrence of) - maturity: All original maturities - counterpart area: World (all areas, including reference area, including IO), counterpart sector: Total economy - Consolidated, Current prices, Face value - Domestic currency (incl. conversion to current currency made using a fix parity); ratio to the annual moving sum of gross domestic product, Neither seasonally adjusted nor calendar adjusted data - ESA 2010",4F0,,,,3,,,,,,,,,,E,Government debt (consolidated) (as % of GDP),,0,
GFS.Q.N.HR.W0.S13.S1.C.L.LE.GD.T._Z.XDC_R_B1GQ_CY._T.F.V.N._T,Q,N,HR,W0,S13,S1,C,L,LE,GD,T,_Z,XDC_R_B1GQ_CY,_T,F,V,N,_T,2008-Q4,38.915,A,F,,,,,P3M,,"Croatia - Closing balance sheet/Positions/Stocks - Maastricht debt - Liabilities (Net Incurrence of) - maturity: All original maturities - counterpart area: World (all areas, including reference area, including IO), counterpart sector: Total economy - Consolidated, Current prices, Face value - Domestic currency (incl. conversion to current currency made using a fix parity); ratio to the annual moving sum of gross domestic product, Neither seasonally adjusted nor calendar adjusted data - ESA 2010",4F0,,,,3,,,,,,,,,,E,Government debt (consolidated) (as % of GDP),,0,
GFS.Q.N.HR.W0.S13.S1.C.L.LE.GD.T._Z.XDC_R_B1GQ_CY._T.F.V.N._T,Q,N,HR,W0,S13,S1,C,L,LE,GD,T,_Z,XDC_R_B1GQ_CY,_T,F,V,N,_T,2009-Q1,41.359,A,F,,,,,P3M,,"Croatia - Closing balance sheet/Positions/Stocks - Maastricht debt - Liabilities (Net Incurrence of) - maturity: All original maturities - counterpart area: World (all areas, including reference area, including IO), counterpart sector: Total economy - Consolidated, Current prices, Face value - Domestic currency (incl. conversion to current currency made using a fix parity); ratio to the annual moving sum of gross domestic product, Neither seasonally adjusted nor calendar adjusted data - ESA 2010",4F0,,,,3,,,,,,,,,,E,Government debt (consolidated) (as % of GDP),,0,
GFS.Q.N.HR.W0.S13.S1.C.L.LE.GD.T._Z.XDC_R_B1GQ_CY._T.F.V.N._T,Q,N,HR,W0,S13,S1,C,L,LE,GD,T,_Z,XDC_R_B1GQ_CY,_T,F,V,N,_T,2009-Q2,42.94,A,F,,,,,P3M,,"Croatia - Closing balance sheet/Positions/Stocks - Maastricht debt - Liabilities (Net Incurrence of) - maturity: All original maturities - counterpart area: World (all areas, including reference area, including IO), counterpart sector: Total economy - Consolidated, Current prices, Face value - Domestic currency (incl. conversion to current currency made using a fix parity); ratio to the annual moving sum of gross domestic product, Neither seasonally adjusted nor calendar adjusted data - ESA 2010",4F0,,,,3,,,,,,,,,,E,Government debt (consolidated) (as % of GDP),,0,
GFS.Q.N.HR.W0.S13.S1.C.L.LE.GD.T._Z.XDC_R_B1GQ_CY._T.F.V.N._T,Q,N,HR,W0,S13,S1,C,L,LE,GD,T,_Z,XDC_R_B1GQ_CY,_T,F,V,N,_T,2009-Q3,45.347,A,F,,,,,P3M,,"Croatia - Closing balance sheet/Positions/Stocks - Maastricht debt - Liabilities (Net Incurrence of) - maturity: All original maturities - counterpart area: World (all areas, including reference area, including IO), counterpart sector: Total economy - Consolidated, Current prices, Face value - Domestic currency (incl. conversion to current currency made using a fix parity); ratio to the annual moving sum of gross domestic product, Neither seasonally adjusted nor calendar adjusted data - ESA 2010",4F0,,,,3,,,,,,,,,,E,Government debt (consolidated) (as % of GDP),,0,
GFS.Q.N.HR.W0.S13.S1.C.L.LE.GD.T._Z.XDC_R_B1GQ_CY._T.F.V.N._T,Q,N,HR,W0,S13,S1,C,L,LE,GD,T,_Z,XDC_R_B1GQ_CY,_T,F,V,N,_T,2009-Q4,47.915,A,F,,,,,P3M,,"Croatia - Closing balance sheet/Positions/Stocks - Maastricht debt - Liabilities (Net Incurrence of) - maturity: All original maturities - counterpart area: World (all areas, including reference area, including IO), counterpart sector: Total economy - Consolidated, Current prices, Face value - Domestic currency (incl. conversion to current currency made using a fix parity); ratio to the annual moving sum of gross domestic product, Neither seasonally adjusted nor calendar adjusted data - ESA 2010",4F0,,,,3,,,,,,,,,,E,Government debt (consolidated) (as % of GDP),,0,
GFS.Q.N.HR.W0.S13.S1.C.L.LE.GD.T._Z.XDC_R_B1GQ_CY._T.F.V.N._T,Q,N,HR,W0,S13,S1,C,L,LE,GD,T,_Z,XDC_R_B1GQ_CY,_T,F,V,N,_T,2010-Q1,49.875,A,F,,,,,P3M,,"Croatia - Closing balance sheet/Positions/Stocks - Maastricht debt - Liabilities (Net Incurrence of) - maturity: All original maturities - counterpart area: World (all areas, including reference area, including IO), counterpart sector: Total economy - Consolidated, Current prices, Face value - Domestic currency (incl. conversion to current currency made using a fix parity); ratio to the annual moving sum of gross domestic product, Neither seasonally adjusted nor calendar adjusted data - ESA 2010",4F0,,,,3,,,,,,,,,,E,Government debt (consolidated) (as % of GDP),,0,
GFS.Q.N.HR.W0.S13.S1.C.L.LE.GD.T._Z.XDC_R_B1GQ_CY._T.F.V.N._T,Q,N,HR,W0,S13,S1,C,L,LE,GD,T,_Z,XDC_R_B1GQ_CY,_T,F,V,N,_T,2010-Q2,50.792,A,F,,,,,P3M,,"Croatia - Closing balance sheet/Positions/Stocks - Maastricht debt - Liabilities (Net Incurrence of) - maturity: All original maturities - counterpart area: World (all areas, including reference area, including IO), counterpart sector: Total economy - Consolidated, Current prices, Face value - Domestic currency (incl. conversion to current currency made using a fix parity); ratio to the annual moving sum of gross domestic product, Neither seasonally adjusted nor calendar adjusted data - ESA 2010",4F0,,,,3,,,,,,,,,,E,Government debt (consolidated) (as % of GDP),,0,
GFS.Q.N.HR.W0.S13.S1.C.L.LE.GD.T._Z.XDC_R_B1GQ_CY._T.F.V.N._T,Q,N,HR,W0,S13,S1,C,L,LE,GD,T,_Z,XDC_R_B1GQ_CY,_T,F,V,N,_T,2010-Q3,54.347,A,F,,,,,P3M,,"Croatia - Closing balance sheet/Positions/Stocks - Maastricht debt - Liabilities (Net Incurrence of) - maturity: All original maturities - counterpart area: World (all areas, including reference area, including IO), counterpart sector: Total economy - Consolidated, Current prices, Face value - Domestic currency (incl. conversion to current currency made using a fix parity); ratio to the annual moving sum of gross domestic product, Neither seasonally adjusted nor calendar adjusted data - ESA 2010",4F0,,,,3,,,,,,,,,,E,Government debt (consolidated) (as % of GDP),,0,
GFS.Q.N.HR.W0.S13.S1.C.L.LE.GD.T._Z.XDC_R_B1GQ_CY._T.F.V.N._T,Q,N,HR,W0,S13,S1,C,L,LE,GD,T,_Z,XDC_R_B1GQ_CY,_T,F,V,N,_T,2010-Q4,56.802,A,F,,,,,P3M,,"Croatia - Closing balance sheet/Positions/Stocks - Maastricht debt - Liabilities (Net Incurrence of) - maturity: All original maturities - counterpart area: World (all areas, including reference area, including IO), counterpart sector: Total economy - Consolidated, Current prices, Face value - Domestic currency (incl. conversion to current currency made using a fix parity); ratio to the annual moving sum of gross domestic product, Neither seasonally adjusted nor calendar adjusted data - ESA 2010",4F0,,,,3,,,,,,,,,,E,Government debt (consolidated) (as % of GDP),,0,
GFS.Q.N.HR.W0.S13.S1.C.L.LE.GD.T._Z.XDC_R_B1GQ_CY._T.F.V.N._T,Q,N,HR,W0,S13,S1,C,L,LE,GD,T,_Z,XDC_R_B1GQ_CY,_T,F,V,N,_T,2011-Q1,61.538,A,F,,,,,P3M,,"Croatia - Closing balance sheet/Positions/Stocks - Maastricht debt - Liabilities (Net Incurrence of) - maturity: All original maturities - counterpart area: World (all areas, including reference area, including IO), counterpart sector: Total economy - Consolidated, Current prices, Face value - Domestic currency (incl. conversion to current currency made using a fix parity); ratio to the annual moving sum of gross domestic product, Neither seasonally adjusted nor calendar adjusted data - ESA 2010",4F0,,,,3,,,,,,,,,,E,Government debt (consolidated) (as % of GDP),,0,
GFS.Q.N.HR.W0.S13.S1.C.L.LE.GD.T._Z.XDC_R_B1GQ_CY._T.F.V.N._T,Q,N,HR,W0,S13,S1,C,L,LE,GD,T,_Z,XDC_R_B1GQ_CY,_T,F,V,N,_T,2011-Q2,60.492,A,F,,,,,P3M,,"Croatia - Closing balance sheet/Positions/Stocks - Maastricht debt - Liabilities (Net Incurrence of) - maturity: All original maturities - counterpart area: World (all areas, including reference area, including IO), counterpart sector: Total economy - Consolidated, Current prices, Face value - Domestic currency (incl. conversion to current currency made using a fix parity); ratio to the annual moving sum of gross domestic product, Neither seasonally adjusted nor calendar adjusted data - ESA 2010",4F0,,,,3,,,,,,,,,,E,Government debt (consolidated) (as % of GDP),,0,
GFS.Q.N.HR.W0.S13.S1.C.L.LE.GD.T._Z.XDC_R_B1GQ_CY._T.F.V.N._T,Q,N,HR,W0,S13,S1,C,L,LE,GD,T,_Z,XDC_R_B1GQ_CY,_T,F,V,N,_T,2011-Q3,62.537,A,F,,,,,P3M,,"Croatia - Closing balance sheet/Positions/Stocks - Maastricht debt - Liabilities (Net Incurrence of) - maturity: All original maturities - counterpart area: World (all areas, including reference area, including IO), counterpart sector: Total economy - Consolidated, Current prices, Face value - Domestic currency (incl. conversion to current currency made using a fix parity); ratio to the annual moving sum of gross domestic product, Neither seasonally adjusted nor calendar adjusted data - ESA 2010",4F0,,,,3,,,,,,,,,,E,Government debt (consolidated) (as % of GDP),,0,
GFS.Q.N.HR.W0.S13.S1.C.L.LE.GD.T._Z.XDC_R_B1GQ_CY._T.F.V.N._T,Q,N,HR,W0,S13,S1,C,L,LE,GD,T,_Z,XDC_R_B1GQ_CY,_T,F,V,N,_T,2011-Q4,63.13,A,F,,,,,P3M,,"Croatia - Closing balance sheet/Positions/Stocks - Maastricht debt - Liabilities (Net Incurrence of) - maturity: All original maturities - counterpart area: World (all areas, including reference area, including IO), counterpart sector: Total economy - Consolidated, Current prices, Face value - Domestic currency (incl. conversion to current currency made using a fix parity); ratio to the annual moving sum of gross domestic product, Neither seasonally adjusted nor calendar adjusted data - ESA 2010",4F0,,,,3,,,,,,,,,,E,Government debt (consolidated) (as % of GDP),,0,
GFS.Q.N.HR.W0.S13.S1.C.L.LE.GD.T._Z.XDC_R_B1GQ_CY._T.F.V.N._T,Q,N,HR,W0,S13,S1,C,L,LE,GD,T,_Z,XDC_R_B1GQ_CY,_T,F,V,N,_T,2012-Q1,65.431,A,F,,,,,P3M,,"Croatia - Closing balance sheet/Positions/Stocks - Maastricht debt - Liabilities (Net Incurrence of) - maturity: All original maturities - counterpart area: World (all areas, including reference area, including IO), counterpart sector: Total economy - Consolidated, Current prices, Face value - Domestic currency (incl. conversion to current currency made using a fix parity); ratio to the annual moving sum of gross domestic product, Neither seasonally adjusted nor calendar adjusted data - ESA 2010",4F0,,,,3,,,,,,,,,,E,Government debt (consolidated) (as % of GDP),,0,
GFS.Q.N.HR.W0.S13.S1.C.L.LE.GD.T._Z.XDC_R_B1GQ_CY._T.F.V.N._T,Q,N,HR,W0,S13,S1,C,L,LE,GD,T,_Z,XDC_R_B1GQ_CY,_T,F,V,N,_T,2012-Q2,67.327,A,F,,,,,P3M,,"Croatia - Closing balance sheet/Positions/Stocks - Maastricht debt - Liabilities (Net Incurrence of) - maturity: All original maturities - counterpart area: World (all areas, including reference area, including IO), counterpart sector: Total economy - Consolidated, Current prices, Face value - Domestic currency (incl. conversion to current currency made using a fix parity); ratio to the annual moving sum of gross domestic product, Neither seasonally adjusted nor calendar adjusted data - ESA 2010",4F0,,,,3,,,,,,,,,,E,Government debt (consolidated) (as % of GDP),,0,
GFS.Q.N.HR.W0.S13.S1.C.L.LE.GD.T._Z.XDC_R_B1GQ_CY._T.F.V.N._T,Q,N,HR,W0,S13,S1,C,L,LE,GD,T,_Z,XDC_R_B1GQ_CY,_T,F,V,N,_T,2012-Q3,67.144,A,F,,,,,P3M,,"Croatia - Closing balance sheet/Positions/Stocks - Maastricht debt - Liabilities (Net Incurrence of) - maturity: All original maturities - counterpart area: World (all areas, including reference area, including IO), counterpart sector: Total economy - Consolidated, Current prices, Face value - Domestic currency (incl. conversion to current currency made using a fix parity); ratio to the annual moving sum of gross domestic product, Neither seasonally adjusted nor calendar adjusted data - ESA 2010",4F0,,,,3,,,,,,,,,,E,Government debt (consolidated) (as % of GDP),,0,
GFS.Q.N.HR.W0.S13.S1.C.L.LE.GD.T._Z.XDC_R_B1GQ_CY._T.F.V.N._T,Q,N,HR,W0,S13,S1,C,L,LE,GD,T,_Z,XDC_R_B1GQ_CY,_T,F,V,N,_T,2012-Q4,68.85,A,F,,,,,P3M,,"Croatia - Closing balance sheet/Positions/Stocks - Maastricht debt - Liabilities (Net Incurrence of) - maturity: All original maturities - counterpart area: World (all areas, including reference area, including IO), counterpart sector: Total economy - Consolidated, Current prices, Face value - Domestic currency (incl. conversion to current currency made using a fix parity); ratio to the annual moving sum of gross domestic product, Neither seasonally adjusted nor calendar adjusted data - ESA 2010",4F0,,,,3,,,,,,,,,,E,Government debt (consolidated) (as % of GDP),,0,
GFS.Q.N.HR.W0.S13.S1.C.L.LE.GD.T._Z.XDC_R_B1GQ_CY._T.F.V.N._T,Q,N,HR,W0,S13,S1,C,L,LE,GD,T,_Z,XDC_R_B1GQ_CY,_T,F,V,N,_T,2013-Q1,70.584,A,F,,,,,P3M,,"Croatia - Closing balance sheet/Positions/Stocks - Maastricht debt - Liabilities (Net Incurrence of) - maturity: All original maturities - counterpart area: World (all areas, including reference area, including IO), counterpart sector: Total economy - Consolidated, Current prices, Face value - Domestic currency (incl. conversion to current currency made using a fix parity); ratio to the annual moving sum of gross domestic product, Neither seasonally adjusted nor calendar adjusted data - ESA 2010",4F0,,,,3,,,,,,,,,,E,Government debt (consolidated) (as % of GDP),,0,
GFS.Q.N.HR.W0.S13.S1.C.L.LE.GD.T._Z.XDC_R_B1GQ_CY._T.F.V.N._T,Q,N,HR,W0,S13,S1,C,L,LE,GD,T,_Z,XDC_R_B1GQ_CY,_T,F,V,N,_T,2013-Q2,72.496,A,F,,,,,P3M,,"Croatia - Closing balance sheet/Positions/Stocks - Maastricht debt - Liabilities (Net Incurrence of) - maturity: All original maturities - counterpart area: World (all areas, including reference area, including IO), counterpart sector: Total economy - Consolidated, Current prices, Face value - Domestic currency (incl. conversion to current currency made using a fix parity); ratio to the annual moving sum of gross domestic product, Neither seasonally adjusted nor calendar adjusted data - ESA 2010",4F0,,,,3,,,,,,,,,,E,Government debt (consolidated) (as % of GDP),,0,
GFS.Q.N.HR.W0.S13.S1.C.L.LE.GD.T._Z.XDC_R_B1GQ_CY._T.F.V.N._T,Q,N,HR,W0,S13,S1,C,L,LE,GD,T,_Z,XDC_R_B1GQ_CY,_T,F,V,N,_T,2013-Q3,75.04,A,F,,,,,P3M,,"Croatia - Closing balance sheet/Positions/Stocks - Maastricht debt - Liabilities (Net Incurrence of) - maturity: All original maturities - counterpart area: World (all areas, including reference area, including IO), counterpart sector: Total economy - Consolidated, Current prices, Face value - Domestic currency (incl. conversion to current currency made using a fix parity); ratio to the annual moving sum of gross domestic product, Neither seasonally adjusted nor calendar adjusted data - ESA 2010",4F0,,,,3,,,,,,,,,,E,Government debt (consolidated) (as % of GDP),,0,
GFS.Q.N.HR.W0.S13.S1.C.L.LE.GD.T._Z.XDC_R_B1GQ_CY._T.F.V.N._T,Q,N,HR,W0,S13,S1,C,L,LE,GD,T,_Z,XDC_R_B1GQ_CY,_T,F,V,N,_T,2013-Q4,79.48,A,F,,,,,P3M,,"Croatia - Closing balance sheet/Positions/Stocks - Maastricht debt - Liabilities (Net Incurrence of) - maturity: All original maturities - counterpart area: World (all areas, including reference area, including IO), counterpart sector: Total economy - Consolidated, Current prices, Face value - Domestic currency (incl. conversion to current currency made using a fix parity); ratio to the annual moving sum of gross domestic product, Neither seasonally adjusted nor calendar adjusted data - ESA 2010",4F0,,,,3,,,,,,,,,,E,Government debt (consolidated) (as % of GDP),,0,
GFS.Q.N.HR.W0.S13.S1.C.L.LE.GD.T._Z.XDC_R_B1GQ_CY._T.F.V.N._T,Q,N,HR,W0,S13,S1,C,L,LE,GD,T,_Z,XDC_R_B1GQ_CY,_T,F,V,N,_T,2014-Q1,80.17,A,F,,,,,P3M,,"Croatia - Closing balance sheet/Positions/Stocks - Maastricht debt - Liabilities (Net Incurrence of) - maturity: All original maturities - counterpart area: World (all areas, including reference area, including IO), counterpart sector: Total economy - Consolidated, Current prices, Face value - Domestic currency (incl. conversion to current currency made using a fix parity); ratio to the annual moving sum of gross domestic product, Neither seasonally adjusted nor calendar adjusted data - ESA 2010",4F0,,,,3,,,,,,,,,,E,Government debt (consolidated) (as % of GDP),,0,
GFS.Q.N.HR.W0.S13.S1.C.L.LE.GD.T._Z.XDC_R_B1GQ_CY._T.F.V.N._T,Q,N,HR,W0,S13,S1,C,L,LE,GD,T,_Z,XDC_R_B1GQ_CY,_T,F,V,N,_T,2014-Q2,80.264,A,F,,,,,P3M,,"Croatia - Closing balance sheet/Positions/Stocks - Maastricht debt - Liabilities (Net Incurrence of) - maturity: All original maturities - counterpart area: World (all areas, including reference area, including IO), counterpart sector: Total economy - Consolidated, Current prices, Face value - Domestic currency (incl. conversion to current currency made using a fix parity); ratio to the annual moving sum of gross domestic product, Neither seasonally adjusted nor calendar adjusted data - ESA 2010",4F0,,,,3,,,,,,,,,,E,Government debt (consolidated) (as % of GDP),,0,
GFS.Q.N.HR.W0.S13.S1.C.L.LE.GD.T._Z.XDC_R_B1GQ_CY._T.F.V.N._T,Q,N,HR,W0,S13,S1,C,L,LE,GD,T,_Z,XDC_R_B1GQ_CY,_T,F,V,N,_T,2014-Q3,80.853,A,F,,,,,P3M,,"Croatia - Closing balance sheet/Positions/Stocks - Maastricht debt - Liabilities (Net Incurrence of) - maturity: All original maturities - counterpart area: World (all areas, including reference area, including IO), counterpart sector: Total economy - Consolidated, Current prices, Face value - Domestic currency (incl. conversion to current currency made using a fix parity); ratio to the annual moving sum of gross domestic product, Neither seasonally adjusted nor calendar adjusted data - ESA 2010",4F0,,,,3,,,,,,,,,,E,Government debt (consolidated) (as % of GDP),,0,
GFS.Q.N.HR.W0.S13.S1.C.L.LE.GD.T._Z.XDC_R_B1GQ_CY._T.F.V.N._T,Q,N,HR,W0,S13,S1,C,L,LE,GD,T,_Z,XDC_R_B1GQ_CY,_T,F,V,N,_T,2014-Q4,83.224,A,F,,,,,P3M,,"Croatia - Closing balance sheet/Positions/Stocks - Maastricht debt - Liabilities (Net Incurrence of) - maturity: All original maturities - counterpart area: World (all areas, including reference area, including IO), counterpart sector: Total economy - Consolidated, Current prices, Face value - Domestic currency (incl. conversion to current currency made using a fix parity); ratio to the annual moving sum of gross domestic product, Neither seasonally adjusted nor calendar adjusted data - ESA 2010",4F0,,,,3,,,,,,,,,,E,Government debt (consolidated) (as % of GDP),,0,
GFS.Q.N.HR.W0.S13.S1.C.L.LE.GD.T._Z.XDC_R_B1GQ_CY._T.F.V.N._T,Q,N,HR,W0,S13,S1,C,L,LE,GD,T,_Z,XDC_R_B1GQ_CY,_T,F,V,N,_T,2015-Q1,85.249,A,F,,,,,P3M,,"Croatia - Closing balance sheet/Positions/Stocks - Maastricht debt - Liabilities (Net Incurrence of) - maturity: All original maturities - counterpart area: World (all areas, including reference area, including IO), counterpart sector: Total economy - Consolidated, Current prices, Face value - Domestic currency (incl. conversion to current currency made using a fix parity); ratio to the annual moving sum of gross domestic product, Neither seasonally adjusted nor calendar adjusted data - ESA 2010",4F0,,,,3,,,,,,,,,,E,Government debt (consolidated) (as % of GDP),,0,
GFS.Q.N.HR.W0.S13.S1.C.L.LE.GD.T._Z.XDC_R_B1GQ_CY._T.F.V.N._T,Q,N,HR,W0,S13,S1,C,L,LE,GD,T,_Z,XDC_R_B1GQ_CY,_T,F,V,N,_T,2015-Q2,83.236,A,F,,,,,P3M,,"Croatia - Closing balance sheet/Positions/Stocks - Maastricht debt - Liabilities (Net Incurrence of) - maturity: All original maturities - counterpart area: World (all areas, including reference area, including IO), counterpart sector: Total economy - Consolidated, Current prices, Face value - Domestic currency (incl. conversion to current currency made using a fix parity); ratio to the annual moving sum of gross domestic product, Neither seasonally adjusted nor calendar adjusted data - ESA 2010",4F0,,,,3,,,,,,,,,,E,Government debt (consolidated) (as % of GDP),,0,
GFS.Q.N.HR.W0.S13.S1.C.L.LE.GD.T._Z.XDC_R_B1GQ_CY._T.F.V.N._T,Q,N,HR,W0,S13,S1,C,L,LE,GD,T,_Z,XDC_R_B1GQ_CY,_T,F,V,N,_T,2015-Q3,83.285,A,F,,,,,P3M,,"Croatia - Closing balance sheet/Positions/Stocks - Maastricht debt - Liabilities (Net Incurrence of) - maturity: All original maturities - counterpart area: World (all areas, including reference area, including IO), counterpart sector: Total economy - Consolidated, Current prices, Face value - Domestic currency (incl. conversion to current currency made using a fix parity); ratio to the annual moving sum of gross domestic product, Neither seasonally adjusted nor calendar adjusted data - ESA 2010",4F0,,,,3,,,,,,,,,,E,Government debt (consolidated) (as % of GDP),,0,
GFS.Q.N.HR.W0.S13.S1.C.L.LE.GD.T._Z.XDC_R_B1GQ_CY._T.F.V.N._T,Q,N,HR,W0,S13,S1,C,L,LE,GD,T,_Z,XDC_R_B1GQ_CY,_T,F,V,N,_T,2015-Q4,82.769,A,F,,,,,P3M,,"Croatia - Closing balance sheet/Positions/Stocks - Maastricht debt - Liabilities (Net Incurrence of) - maturity: All original maturities - counterpart area: World (all areas, including reference area, including IO), counterpart sector: Total economy - Consolidated, Current prices, Face value - Domestic currency (incl. conversion to current currency made using a fix parity); ratio to the annual moving sum of gross domestic product, Neither seasonally adjusted nor calendar adjusted data - ESA 2010",4F0,,,,3,,,,,,,,,,E,Government debt (consolidated) (as % of GDP),,0,
GFS.Q.N.HR.W0.S13.S1.C.L.LE.GD.T._Z.XDC_R_B1GQ_CY._T.F.V.N._T,Q,N,HR,W0,S13,S1,C,L,LE,GD,T,_Z,XDC_R_B1GQ_CY,_T,F,V,N,_T,2016-Q1,81.176,A,F,,,,,P3M,,"Croatia - Closing balance sheet/Positions/Stocks - Maastricht debt - Liabilities (Net Incurrence of) - maturity: All original maturities - counterpart area: World (all areas, including reference area, including IO), counterpart sector: Total economy - Consolidated, Current prices, Face value - Domestic currency (incl. conversion to current currency made using a fix parity); ratio to the annual moving sum of gross domestic product, Neither seasonally adjusted nor calendar adjusted data - ESA 2010",4F0,,,,3,,,,,,,,,,E,Government debt (consolidated) (as % of GDP),,0,
GFS.Q.N.HR.W0.S13.S1.C.L.LE.GD.T._Z.XDC_R_B1GQ_CY._T.F.V.N._T,Q,N,HR,W0,S13,S1,C,L,LE,GD,T,_Z,XDC_R_B1GQ_CY,_T,F,V,N,_T,2016-Q2,79.991,A,F,,,,,P3M,,"Croatia - Closing balance sheet/Positions/Stocks - Maastricht debt - Liabilities (Net Incurrence of) - maturity: All original maturities - counterpart area: World (all areas, including reference area, including IO), counterpart sector: Total economy - Consolidated, Current prices, Face value - Domestic currency (incl. conversion to current currency made using a fix parity); ratio to the annual moving sum of gross domestic product, Neither seasonally adjusted nor calendar adjusted data - ESA 2010",4F0,,,,3,,,,,,,,,,E,Government debt (consolidated) (as % of GDP),,0,
GFS.Q.N.HR.W0.S13.S1.C.L.LE.GD.T._Z.XDC_R_B1GQ_CY._T.F.V.N._T,Q,N,HR,W0,S13,S1,C,L,LE,GD,T,_Z,XDC_R_B1GQ_CY,_T,F,V,N,_T,2016-Q3,80.122,A,F,,,,,P3M,,"Croatia - Closing balance sheet/Positions/Stocks - Maastricht debt - Liabilities (Net Incurrence of) - maturity: All original maturities - counterpart area: World (all areas, including reference area, including IO), counterpart sector: Total economy - Consolidated, Current prices, Face value - Domestic currency (incl. conversion to current currency made using a fix parity); ratio to the annual moving sum of gross domestic product, Neither seasonally adjusted nor calendar adjusted data - ESA 2010",4F0,,,,3,,,,,,,,,,E,Government debt (consolidated) (as % of GDP),,0,
GFS.Q.N.HR.W0.S13.S1.C.L.LE.GD.T._Z.XDC_R_B1GQ_CY._T.F.V.N._T,Q,N,HR,W0,S13,S1,C,L,LE,GD,T,_Z,XDC_R_B1GQ_CY,_T,F,V,N,_T,2016-Q4,79.255,A,F,,,,,P3M,,"Croatia - Closing balance sheet/Positions/Stocks - Maastricht debt - Liabilities (Net Incurrence of) - maturity: All original maturities - counterpart area: World (all areas, including reference area, including IO), counterpart sector: Total economy - Consolidated, Current prices, Face value - Domestic currency (incl. conversion to current currency made using a fix parity); ratio to the annual moving sum of gross domestic product, Neither seasonally adjusted nor calendar adjusted data - ESA 2010",4F0,,,,3,,,,,,,,,,E,Government debt (consolidated) (as % of GDP),,0,
GFS.Q.N.HR.W0.S13.S1.C.L.LE.GD.T._Z.XDC_R_B1GQ_CY._T.F.V.N._T,Q,N,HR,W0,S13,S1,C,L,LE,GD,T,_Z,XDC_R_B1GQ_CY,_T,F,V,N,_T,2017-Q1,81.904,A,F,,,,,P3M,,"Croatia - Closing balance sheet/Positions/Stocks - Maastricht debt - Liabilities (Net Incurrence of) - maturity: All original maturities - counterpart area: World (all areas, including reference area, including IO), counterpart sector: Total economy - Consolidated, Current prices, Face value - Domestic currency (incl. conversion to current currency made using a fix parity); ratio to the annual moving sum of gross domestic product, Neither seasonally adjusted nor calendar adjusted data - ESA 2010",4F0,,,,3,,,,,,,,,,E,Government debt (consolidated) (as % of GDP),,0,
GFS.Q.N.HR.W0.S13.S1.C.L.LE.GD.T._Z.XDC_R_B1GQ_CY._T.F.V.N._T,Q,N,HR,W0,S13,S1,C,L,LE,GD,T,_Z,XDC_R_B1GQ_CY,_T,F,V,N,_T,2017-Q2,77.412,A,F,,,,,P3M,,"Croatia - Closing balance sheet/Positions/Stocks - Maastricht debt - Liabilities (Net Incurrence of) - maturity: All original maturities - counterpart area: World (all areas, including reference area, including IO), counterpart sector: Total economy - Consolidated, Current prices, Face value - Domestic currency (incl. conversion to current currency made using a fix parity); ratio to the annual moving sum of gross domestic product, Neither seasonally adjusted nor calendar adjusted data - ESA 2010",4F0,,,,3,,,,,,,,,,E,Government debt (consolidated) (as % of GDP),,0,
GFS.Q.N.HR.W0.S13.S1.C.L.LE.GD.T._Z.XDC_R_B1GQ_CY._T.F.V.N._T,Q,N,HR,W0,S13,S1,C,L,LE,GD,T,_Z,XDC_R_B1GQ_CY,_T,F,V,N,_T,2017-Q3,77.216,A,F,,,,,P3M,,"Croatia - Closing balance sheet/Positions/Stocks - Maastricht debt - Liabilities (Net Incurrence of) - maturity: All original maturities - counterpart area: World (all areas, including reference area, including IO), counterpart sector: Total economy - Consolidated, Current prices, Face value - Domestic currency (incl. conversion to current currency made using a fix parity); ratio to the annual moving sum of gross domestic product, Neither seasonally adjusted nor calendar adjusted data - ESA 2010",4F0,,,,3,,,,,,,,,,E,Government debt (consolidated) (as % of GDP),,0,
GFS.Q.N.HR.W0.S13.S1.C.L.LE.GD.T._Z.XDC_R_B1GQ_CY._T.F.V.N._T,Q,N,HR,W0,S13,S1,C,L,LE,GD,T,_Z,XDC_R_B1GQ_CY,_T,F,V,N,_T,2017-Q4,76.172,A,F,,,,,P3M,,"Croatia - Closing balance sheet/Positions/Stocks - Maastricht debt - Liabilities (Net Incurrence of) - maturity: All original maturities - counterpart area: World (all areas, including reference area, including IO), counterpart sector: Total economy - Consolidated, Current prices, Face value - Domestic currency (incl. conversion to current currency made using a fix parity); ratio to the annual moving sum of gross domestic product, Neither seasonally adjusted nor calendar adjusted data - ESA 2010",4F0,,,,3,,,,,,,,,,E,Government debt (consolidated) (as % of GDP),,0,
GFS.Q.N.HR.W0.S13.S1.C.L.LE.GD.T._Z.XDC_R_B1GQ_CY._T.F.V.N._T,Q,N,HR,W0,S13,S1,C,L,LE,GD,T,_Z,XDC_R_B1GQ_CY,_T,F,V,N,_T,2018-Q1,75.008,A,F,,,,,P3M,,"Croatia - Closing balance sheet/Positions/Stocks - Maastricht debt - Liabilities (Net Incurrence of) - maturity: All original maturities - counterpart area: World (all areas, including reference area, including IO), counterpart sector: Total economy - Consolidated, Current prices, Face value - Domestic currency (incl. conversion to current currency made using a fix parity); ratio to the annual moving sum of gross domestic product, Neither seasonally adjusted nor calendar adjusted data - ESA 2010",4F0,,,,3,,,,,,,,,,E,Government debt (consolidated) (as % of GDP),,0,
GFS.Q.N.HR.W0.S13.S1.C.L.LE.GD.T._Z.XDC_R_B1GQ_CY._T.F.V.N._T,Q,N,HR,W0,S13,S1,C,L,LE,GD,T,_Z,XDC_R_B1GQ_CY,_T,F,V,N,_T,2018-Q2,74.806,A,F,,,,,P3M,,"Croatia - Closing balance sheet/Positions/Stocks - Maastricht debt - Liabilities (Net Incurrence of) - maturity: All original maturities - counterpart area: World (all areas, including reference area, including IO), counterpart sector: Total economy - Consolidated, Current prices, Face value - Domestic currency (incl. conversion to current currency made using a fix parity); ratio to the annual moving sum of gross domestic product, Neither seasonally adjusted nor calendar adjusted data - ESA 2010",4F0,,,,3,,,,,,,,,,E,Government debt (consolidated) (as % of GDP),,0,
GFS.Q.N.HR.W0.S13.S1.C.L.LE.GD.T._Z.XDC_R_B1GQ_CY._T.F.V.N._T,Q,N,HR,W0,S13,S1,C,L,LE,GD,T,_Z,XDC_R_B1GQ_CY,_T,F,V,N,_T,2018-Q3,73.167,A,F,,,,,P3M,,"Croatia - Closing balance sheet/Positions/Stocks - Maastricht debt - Liabilities (Net Incurrence of) - maturity: All original maturities - counterpart area: World (all areas, including reference area, including IO), counterpart sector: Total economy - Consolidated, Current prices, Face value - Domestic currency (incl. conversion to current currency made using a fix parity); ratio to the annual moving sum of gross domestic product, Neither seasonally adjusted nor calendar adjusted data - ESA 2010",4F0,,,,3,,,,,,,,,,E,Government debt (consolidated) (as % of GDP),,0,
GFS.Q.N.HR.W0.S13.S1.C.L.LE.GD.T._Z.XDC_R_B1GQ_CY._T.F.V.N._T,Q,N,HR,W0,S13,S1,C,L,LE,GD,T,_Z,XDC_R_B1GQ_CY,_T,F,V,N,_T,2018-Q4,72.847,A,F,,,,,P3M,,"Croatia - Closing balance sheet/Positions/Stocks - Maastricht debt - Liabilities (Net Incurrence of) - maturity: All original maturities - counterpart area: World (all areas, including reference area, including IO), counterpart sector: Total economy - Consolidated, Current prices, Face value - Domestic currency (incl. conversion to current currency made using a fix parity); ratio to the annual moving sum of gross domestic product, Neither seasonally adjusted nor calendar adjusted data - ESA 2010",4F0,,,,3,,,,,,,,,,E,Government debt (consolidated) (as % of GDP),,0,
GFS.Q.N.HR.W0.S13.S1.C.L.LE.GD.T._Z.XDC_R_B1GQ_CY._T.F.V.N._T,Q,N,HR,W0,S13,S1,C,L,LE,GD,T,_Z,XDC_R_B1GQ_CY,_T,F,V,N,_T,2019-Q1,72.658,A,F,,,,,P3M,,"Croatia - Closing balance sheet/Positions/Stocks - Maastricht debt - Liabilities (Net Incurrence of) - maturity: All original maturities - counterpart area: World (all areas, including reference area, including IO), counterpart sector: Total economy - Consolidated, Current prices, Face value - Domestic currency (incl. conversion to current currency made using a fix parity); ratio to the annual moving sum of gross domestic product, Neither seasonally adjusted nor calendar adjusted data - ESA 2010",4F0,,,,3,,,,,,,,,,E,Government debt (consolidated) (as % of GDP),,0,
GFS.Q.N.HR.W0.S13.S1.C.L.LE.GD.T._Z.XDC_R_B1GQ_CY._T.F.V.N._T,Q,N,HR,W0,S13,S1,C,L,LE,GD,T,_Z,XDC_R_B1GQ_CY,_T,F,V,N,_T,2019-Q2,73.816,A,F,,,,,P3M,,"Croatia - Closing balance sheet/Positions/Stocks - Maastricht debt - Liabilities (Net Incurrence of) - maturity: All original maturities - counterpart area: World (all areas, including reference area, including IO), counterpart sector: Total economy - Consolidated, Current prices, Face value - Domestic currency (incl. conversion to current currency made using a fix parity); ratio to the annual moving sum of gross domestic product, Neither seasonally adjusted nor calendar adjusted data - ESA 2010",4F0,,,,3,,,,,,,,,,E,Government debt (consolidated) (as % of GDP),,0,
GFS.Q.N.HR.W0.S13.S1.C.L.LE.GD.T._Z.XDC_R_B1GQ_CY._T.F.V.N._T,Q,N,HR,W0,S13,S1,C,L,LE,GD,T,_Z,XDC_R_B1GQ_CY,_T,F,V,N,_T,2019-Q3,72.683,A,F,,,,,P3M,,"Croatia - Closing balance sheet/Positions/Stocks - Maastricht debt - Liabilities (Net Incurrence of) - maturity: All original maturities - counterpart area: World (all areas, including reference area, including IO), counterpart sector: Total economy - Consolidated, Current prices, Face value - Domestic currency (incl. conversion to current currency made using a fix parity); ratio to the annual moving sum of gross domestic product, Neither seasonally adjusted nor calendar adjusted data - ESA 2010",4F0,,,,3,,,,,,,,,,E,Government debt (consolidated) (as % of GDP),,0,
GFS.Q.N.HR.W0.S13.S1.C.L.LE.GD.T._Z.XDC_R_B1GQ_CY._T.F.V.N._T,Q,N,HR,W0,S13,S1,C,L,LE,GD,T,_Z,XDC_R_B1GQ_CY,_T,F,V,N,_T,2019-Q4,70.882,A,F,,,,,P3M,,"Croatia - Closing balance sheet/Positions/Stocks - Maastricht debt - Liabilities (Net Incurrence of) - maturity: All original maturities - counterpart area: World (all areas, including reference area, including IO), counterpart sector: Total economy - Consolidated, Current prices, Face value - Domestic currency (incl. conversion to current currency made using a fix parity); ratio to the annual moving sum of gross domestic product, Neither seasonally adjusted nor calendar adjusted data - ESA 2010",4F0,,,,3,,,,,,,,,,E,Government debt (consolidated) (as % of GDP),,0,
GFS.Q.N.HR.W0.S13.S1.C.L.LE.GD.T._Z.XDC_R_B1GQ_CY._T.F.V.N._T,Q,N,HR,W0,S13,S1,C,L,LE,GD,T,_Z,XDC_R_B1GQ_CY,_T,F,V,N,_T,2020-Q1,71.937,A,F,,,,,P3M,,"Croatia - Closing balance sheet/Positions/Stocks - Maastricht debt - Liabilities (Net Incurrence of) - maturity: All original maturities - counterpart area: World (all areas, including reference area, including IO), counterpart sector: Total economy - Consolidated, Current prices, Face value - Domestic currency (incl. conversion to current currency made using a fix parity); ratio to the annual moving sum of gross domestic product, Neither seasonally adjusted nor calendar adjusted data - ESA 2010",4F0,,,,3,,,,,,,,,,E,Government debt (consolidated) (as % of GDP),,0,
GFS.Q.N.HR.W0.S13.S1.C.L.LE.GD.T._Z.XDC_R_B1GQ_CY._T.F.V.N._T,Q,N,HR,W0,S13,S1,C,L,LE,GD,T,_Z,XDC_R_B1GQ_CY,_T,F,V,N,_T,2020-Q2,82.09,A,F,,,,,P3M,,"Croatia - Closing balance sheet/Positions/Stocks - Maastricht debt - Liabilities (Net Incurrence of) - maturity: All original maturities - counterpart area: World (all areas, including reference area, including IO), counterpart sector: Total economy - Consolidated, Current prices, Face value - Domestic currency (incl. conversion to current currency made using a fix parity); ratio to the annual moving sum of gross domestic product, Neither seasonally adjusted nor calendar adjusted data - ESA 2010",4F0,,,,3,,,,,,,,,,E,Government debt (consolidated) (as % of GDP),,0,
GFS.Q.N.HR.W0.S13.S1.C.L.LE.GD.T._Z.XDC_R_B1GQ_CY._T.F.V.N._T,Q,N,HR,W0,S13,S1,C,L,LE,GD,T,_Z,XDC_R_B1GQ_CY,_T,F,V,N,_T,2020-Q3,84.331,A,F,,,,,P3M,,"Croatia - Closing balance sheet/Positions/Stocks - Maastricht debt - Liabilities (Net Incurrence of) - maturity: All original maturities - counterpart area: World (all areas, including reference area, including IO), counterpart sector: Total economy - Consolidated, Current prices, Face value - Domestic currency (incl. conversion to current currency made using a fix parity); ratio to the annual moving sum of gross domestic product, Neither seasonally adjusted nor calendar adjusted data - ESA 2010",4F0,,,,3,,,,,,,,,,E,Government debt (consolidated) (as % of GDP),,0,
GFS.Q.N.HR.W0.S13.S1.C.L.LE.GD.T._Z.XDC_R_B1GQ_CY._T.F.V.N._T,Q,N,HR,W0,S13,S1,C,L,LE,GD,T,_Z,XDC_R_B1GQ_CY,_T,F,V,N,_T,2020-Q4,86.472,A,F,,,,,P3M,,"Croatia - Closing balance sheet/Positions/Stocks - Maastricht debt - Liabilities (Net Incurrence of) - maturity: All original maturities - counterpart area: World (all areas, including reference area, including IO), counterpart sector: Total economy - Consolidated, Current prices, Face value - Domestic currency (incl. conversion to current currency made using a fix parity); ratio to the annual moving sum of gross domestic product, Neither seasonally adjusted nor calendar adjusted data - ESA 2010",4F0,,,,3,,,,,,,,,,E,Government debt (consolidated) (as % of GDP),,0,
GFS.Q.N.HR.W0.S13.S1.C.L.LE.GD.T._Z.XDC_R_B1GQ_CY._T.F.V.N._T,Q,N,HR,W0,S13,S1,C,L,LE,GD,T,_Z,XDC_R_B1GQ_CY,_T,F,V,N,_T,2021-Q1,88.465,A,F,,,,,P3M,,"Croatia - Closing balance sheet/Positions/Stocks - Maastricht debt - Liabilities (Net Incurrence of) - maturity: All original maturities - counterpart area: World (all areas, including reference area, including IO), counterpart sector: Total economy - Consolidated, Current prices, Face value - Domestic currency (incl. conversion to current currency made using a fix parity); ratio to the annual moving sum of gross domestic product, Neither seasonally adjusted nor calendar adjusted data - ESA 2010",4F0,,,,3,,,,,,,,,,E,Government debt (consolidated) (as % of GDP),,0,
GFS.Q.N.HR.W0.S13.S1.C.L.LE.GD.T._Z.XDC_R_B1GQ_CY._T.F.V.N._T,Q,N,HR,W0,S13,S1,C,L,LE,GD,T,_Z,XDC_R_B1GQ_CY,_T,F,V,N,_T,2021-Q2,84.722,A,F,,,,,P3M,,"Croatia - Closing balance sheet/Positions/Stocks - Maastricht debt - Liabilities (Net Incurrence of) - maturity: All original maturities - counterpart area: World (all areas, including reference area, including IO), counterpart sector: Total economy - Consolidated, Current prices, Face value - Domestic currency (incl. conversion to current currency made using a fix parity); ratio to the annual moving sum of gross domestic product, Neither seasonally adjusted nor calendar adjusted data - ESA 2010",4F0,,,,3,,,,,,,,,,E,Government debt (consolidated) (as % of GDP),,0,
GFS.Q.N.HR.W0.S13.S1.C.L.LE.GD.T._Z.XDC_R_B1GQ_CY._T.F.V.N._T,Q,N,HR,W0,S13,S1,C,L,LE,GD,T,_Z,XDC_R_B1GQ_CY,_T,F,V,N,_T,2021-Q3,81.179,A,F,,,,,P3M,,"Croatia - Closing balance sheet/Positions/Stocks - Maastricht debt - Liabilities (Net Incurrence of) - maturity: All original maturities - counterpart area: World (all areas, including reference area, including IO), counterpart sector: Total economy - Consolidated, Current prices, Face value - Domestic currency (incl. conversion to current currency made using a fix parity); ratio to the annual moving sum of gross domestic product, Neither seasonally adjusted nor calendar adjusted data - ESA 2010",4F0,,,,3,,,,,,,,,,E,Government debt (consolidated) (as % of GDP),,0,
GFS.Q.N.HR.W0.S13.S1.C.L.LE.GD.T._Z.XDC_R_B1GQ_CY._T.F.V.N._T,Q,N,HR,W0,S13,S1,C,L,LE,GD,T,_Z,XDC_R_B1GQ_CY,_T,F,V,N,_T,2021-Q4,78.203,A,F,,,,,P3M,,"Croatia - Closing balance sheet/Positions/Stocks - Maastricht debt - Liabilities (Net Incurrence of) - maturity: All original maturities - counterpart area: World (all areas, including reference area, including IO), counterpart sector: Total economy - Consolidated, Current prices, Face value - Domestic currency (incl. conversion to current currency made using a fix parity); ratio to the annual moving sum of gross domestic product, Neither seasonally adjusted nor calendar adjusted data - ESA 2010",4F0,,,,3,,,,,,,,,,E,Government debt (consolidated) (as % of GDP),,0,
GFS.Q.N.HR.W0.S13.S1.C.L.LE.GD.T._Z.XDC_R_B1GQ_CY._T.F.V.N._T,Q,N,HR,W0,S13,S1,C,L,LE,GD,T,_Z,XDC_R_B1GQ_CY,_T,F,V,N,_T,2022-Q1,75.793,A,F,,,,,P3M,,"Croatia - Closing balance sheet/Positions/Stocks - Maastricht debt - Liabilities (Net Incurrence of) - maturity: All original maturities - counterpart area: World (all areas, including reference area, including IO), counterpart sector: Total economy - Consolidated, Current prices, Face value - Domestic currency (incl. conversion to current currency made using a fix parity); ratio to the annual moving sum of gross domestic product, Neither seasonally adjusted nor calendar adjusted data - ESA 2010",4F0,,,,3,,,,,,,,,,E,Government debt (consolidated) (as % of GDP),,0,
GFS.Q.N.HR.W0.S13.S1.C.L.LE.GD.T._Z.XDC_R_B1GQ_CY._T.F.V.N._T,Q,N,HR,W0,S13,S1,C,L,LE,GD,T,_Z,XDC_R_B1GQ_CY,_T,F,V,N,_T,2022-Q2,72.931,A,F,,,,,P3M,,"Croatia - Closing balance sheet/Positions/Stocks - Maastricht debt - Liabilities (Net Incurrence of) - maturity: All original maturities - counterpart area: World (all areas, including reference area, including IO), counterpart sector: Total economy - Consolidated, Current prices, Face value - Domestic currency (incl. conversion to current currency made using a fix parity); ratio to the annual moving sum of gross domestic product, Neither seasonally adjusted nor calendar adjusted data - ESA 2010",4F0,,,,3,,,,,,,,,,E,Government debt (consolidated) (as % of GDP),,0,
GFS.Q.N.HR.W0.S13.S1.C.L.LE.GD.T._Z.XDC_R_B1GQ_CY._T.F.V.N._T,Q,N,HR,W0,S13,S1,C,L,LE,GD,T,_Z,XDC_R_B1GQ_CY,_T,F,V,N,_T,2022-Q3,70.177,A,F,,,,,P3M,,"Croatia - Closing balance sheet/Positions/Stocks - Maastricht debt - Liabilities (Net Incurrence of) - maturity: All original maturities - counterpart area: World (all areas, including reference area, including IO), counterpart sector: Total economy - Consolidated, Current prices, Face value - Domestic currency (incl. conversion to current currency made using a fix parity); ratio to the annual moving sum of gross domestic product, Neither seasonally adjusted nor calendar adjusted data - ESA 2010",4F0,,,,3,,,,,,,,,,E,Government debt (consolidated) (as % of GDP),,0,
GFS.Q.N.HR.W0.S13.S1.C.L.LE.GD.T._Z.XDC_R_B1GQ_CY._T.F.V.N._T,Q,N,HR,W0,S13,S1,C,L,LE,GD,T,_Z,XDC_R_B1GQ_CY,_T,F,V,N,_T,2022-Q4,68.546,A,F,,,,,P3M,,"Croatia - Closing balance sheet/Positions/Stocks - Maastricht debt - Liabilities (Net Incurrence of) - maturity: All original maturities - counterpart area: World (all areas, including reference area, including IO), counterpart sector: Total economy - Consolidated, Current prices, Face value - Domestic currency (incl. conversion to current currency made using a fix parity); ratio to the annual moving sum of gross domestic product, Neither seasonally adjusted nor calendar adjusted data - ESA 2010",4F0,,,,3,,,,,,,,,,E,Government debt (consolidated) (as % of GDP),,0,
GFS.Q.N.HR.W0.S13.S1.C.L.LE.GD.T._Z.XDC_R_B1GQ_CY._T.F.V.N._T,Q,N,HR,W0,S13,S1,C,L,LE,GD,T,_Z,XDC_R_B1GQ_CY,_T,F,V,N,_T,2023-Q1,69.116,A,F,,,,,P3M,,"Croatia - Closing balance sheet/Positions/Stocks - Maastricht debt - Liabilities (Net Incurrence of) - maturity: All original maturities - counterpart area: World (all areas, including reference area, including IO), counterpart sector: Total economy - Consolidated, Current prices, Face value - Domestic currency (incl. conversion to current currency made using a fix parity); ratio to the annual moving sum of gross domestic product, Neither seasonally adjusted nor calendar adjusted data - ESA 2010",4F0,,,,3,,,,,,,,,,E,Government debt (consolidated) (as % of GDP),,0,
GFS.Q.N.HR.W0.S13.S1.C.L.LE.GD.T._Z.XDC_R_B1GQ_CY._T.F.V.N._T,Q,N,HR,W0,S13,S1,C,L,LE,GD,T,_Z,XDC_R_B1GQ_CY,_T,F,V,N,_T,2023-Q2,65.823,A,F,,,,,P3M,,"Croatia - Closing balance sheet/Positions/Stocks - Maastricht debt - Liabilities (Net Incurrence of) - maturity: All original maturities - counterpart area: World (all areas, including reference area, including IO), counterpart sector: Total economy - Consolidated, Current prices, Face value - Domestic currency (incl. conversion to current currency made using a fix parity); ratio to the annual moving sum of gross domestic product, Neither seasonally adjusted nor calendar adjusted data - ESA 2010",4F0,,,,3,,,,,,,,,,E,Government debt (consolidated) (as % of GDP),,0,
GFS.Q.N.HR.W0.S13.S1.C.L.LE.GD.T._Z.XDC_R_B1GQ_CY._T.F.V.N._T,Q,N,HR,W0,S13,S1,C,L,LE,GD,T,_Z,XDC_R_B1GQ_CY,_T,F,V,N,_T,2023-Q3,63.298,A,F,,,,,P3M,,"Croatia - Closing balance sheet/Positions/Stocks - Maastricht debt - Liabilities (Net Incurrence of) - maturity: All original maturities - counterpart area: World (all areas, including reference area, including IO), counterpart sector: Total economy - Consolidated, Current prices, Face value - Domestic currency (incl. conversion to current currency made using a fix parity); ratio to the annual moving sum of gross domestic product, Neither seasonally adjusted nor calendar adjusted data - ESA 2010",4F0,,,,3,,,,,,,,,,E,Government debt (consolidated) (as % of GDP),,0,
GFS.Q.N.HR.W0.S13.S1.C.L.LE.GD.T._Z.XDC_R_B1GQ_CY._T.F.V.N._T,Q,N,HR,W0,S13,S1,C,L,LE,GD,T,_Z,XDC_R_B1GQ_CY,_T,F,V,N,_T,2023-Q4,61.827,A,F,,,,,P3M,,"Croatia - Closing balance sheet/Positions/Stocks - Maastricht debt - Liabilities (Net Incurrence of) - maturity: All original maturities - counterpart area: World (all areas, including reference area, including IO), counterpart sector: Total economy - Consolidated, Current prices, Face value - Domestic currency (incl. conversion to current currency made using a fix parity); ratio to the annual moving sum of gross domestic product, Neither seasonally adjusted nor calendar adjusted data - ESA 2010",4F0,,,,3,,,,,,,,,,E,Government debt (consolidated) (as % of GDP),,0,
GFS.Q.N.HR.W0.S13.S1.C.L.LE.GD.T._Z.XDC_R_B1GQ_CY._T.F.V.N._T,Q,N,HR,W0,S13,S1,C,L,LE,GD,T,_Z,XDC_R_B1GQ_CY,_T,F,V,N,_T,2024-Q1,62.003,A,F,,,,,P3M,,"Croatia - Closing balance sheet/Positions/Stocks - Maastricht debt - Liabilities (Net Incurrence of) - maturity: All original maturities - counterpart area: World (all areas, including reference area, including IO), counterpart sector: Total economy - Consolidated, Current prices, Face value - Domestic currency (incl. conversion to current currency made using a fix parity); ratio to the annual moving sum of gross domestic product, Neither seasonally adjusted nor calendar adjusted data - ESA 2010",4F0,,,,3,,,,,,,,,,E,Government debt (consolidated) (as % of GDP),,0,
GFS.Q.N.HR.W0.S13.S1.C.L.LE.GD.T._Z.XDC_R_B1GQ_CY._T.F.V.N._T,Q,N,HR,W0,S13,S1,C,L,LE,GD,T,_Z,XDC_R_B1GQ_CY,_T,F,V,N,_T,2024-Q2,59.981,A,F,,,,,P3M,,"Croatia - Closing balance sheet/Positions/Stocks - Maastricht debt - Liabilities (Net Incurrence of) - maturity: All original maturities - counterpart area: World (all areas, including reference area, including IO), counterpart sector: Total economy - Consolidated, Current prices, Face value - Domestic currency (incl. conversion to current currency made using a fix parity); ratio to the annual moving sum of gross domestic product, Neither seasonally adjusted nor calendar adjusted data - ESA 2010",4F0,,,,3,,,,,,,,,,E,Government debt (consolidated) (as % of GDP),,0,
GFS.Q.N.HR.W0.S13.S1.C.L.LE.GD.T._Z.XDC_R_B1GQ_CY._T.F.V.N._T,Q,N,HR,W0,S13,S1,C,L,LE,GD,T,_Z,XDC_R_B1GQ_CY,_T,F,V,N,_T,2024-Q3,59.569,A,F,,,,,P3M,,"Croatia - Closing balance sheet/Positions/Stocks - Maastricht debt - Liabilities (Net Incurrence of) - maturity: All original maturities - counterpart area: World (all areas, including reference area, including IO), counterpart sector: Total economy - Consolidated, Current prices, Face value - Domestic currency (incl. conversion to current currency made using a fix parity); ratio to the annual moving sum of gross domestic product, Neither seasonally adjusted nor calendar adjusted data - ESA 2010",4F0,,,,3,,,,,,,,,,E,Government debt (consolidated) (as % of GDP),,0,
GFS.Q.N.HR.W0.S13.S1.C.L.LE.GD.T._Z.XDC_R_B1GQ_CY._T.F.V.N._T,Q,N,HR,W0,S13,S1,C,L,LE,GD,T,_Z,XDC_R_B1GQ_CY,_T,F,V,N,_T,2024-Q4,57.567,A,F,,,,,P3M,,"Croatia - Closing balance sheet/Positions/Stocks - Maastricht debt - Liabilities (Net Incurrence of) - maturity: All original maturities - counterpart area: World (all areas, including reference area, including IO), counterpart sector: Total economy - Consolidated, Current prices, Face value - Domestic currency (incl. conversion to current currency made using a fix parity); ratio to the annual moving sum of gross domestic product, Neither seasonally adjusted nor calendar adjusted data - ESA 2010",4F0,,,,3,,,,,,,,,,E,Government debt (consolidated) (as % of GDP),,0,
GFS.Q.N.HR.W0.S13.S1.C.L.LE.GD.T._Z.XDC_R_B1GQ_CY._T.F.V.N._T,Q,N,HR,W0,S13,S1,C,L,LE,GD,T,_Z,XDC_R_B1GQ_CY,_T,F,V,N,_T,2025-Q1,58.406,P,F,,,,,P3M,,"Croatia - Closing balance sheet/Positions/Stocks - Maastricht debt - Liabilities (Net Incurrence of) - maturity: All original maturities - counterpart area: World (all areas, including reference area, including IO), counterpart sector: Total economy - Consolidated, Current prices, Face value - Domestic currency (incl. conversion to current currency made using a fix parity); ratio to the annual moving sum of gross domestic product, Neither seasonally adjusted nor calendar adjusted data - ESA 2010",4F0,,,,3,,,,,,,,,,E,Government debt (consolidated) (as % of GDP),,0,
